email,location,timestamp
mortiz@outlook.com,89,1644266261000
mortiz@outlook.com,91,1642860934000
websterroy@outlook.com,68,1642305374000
gthornton@outlook.com,84,1644026218000
porterbrianna@outlook.com,2,1642072427000
lisasmith@outlook.com,26,1645149203000
lisasmith@outlook.com,75,1642468049000
skinnerpatrick@outlook.com,54,1645788718000
skinnerpatrick@outlook.com,89,1643845723000
katherine14@outlook.com,35,1643774557000
katherine14@outlook.com,23,1645992537000
xschroeder@outlook.com,73,1643239475000
xschroeder@outlook.com,76,1642306149000
alvaradovictoria@outlook.com,9,1644861441000
alvaradovictoria@outlook.com,45,1643500444000
oanderson@outlook.com,58,1642262702000
stevenallen@outlook.com,95,1644115352000
stevenallen@outlook.com,95,1643006041000
tony09@outlook.com,62,1643199226000
cbishop@outlook.com,62,1642406863000
ibrown@outlook.com,31,1644678063000
isaiah47@outlook.com,49,1645327981000
fergusonkimberly@outlook.com,75,1644785715000
cwhite@outlook.com,23,1645798485000
trusso@outlook.com,78,1643148951000
trusso@outlook.com,54,1644018421000
jessicadavis@outlook.com,77,1642311475000
melissamoore@outlook.com,48,1645324921000
melissamoore@outlook.com,60,1642379196000
rhaynes@outlook.com,95,1642086280000
james03@outlook.com,83,1645589136000
wellsscott@outlook.com,73,1645304228000
mackenzie90@outlook.com,63,1646126557000
paigethompson@outlook.com,82,1642418571000
paigethompson@outlook.com,58,1643973192000
ndavis@outlook.com,70,1645039087000
ndavis@outlook.com,96,1645634261000
michaelpatterson@outlook.com,52,1645357232000
uwall@outlook.com,12,1642986860000
uwall@outlook.com,4,1642700907000
sanfordronald@outlook.com,31,1644309646000
sanfordronald@outlook.com,65,1642174010000
troy09@outlook.com,97,1642719158000
grace96@outlook.com,53,1642461137000
grace96@outlook.com,99,1643669065000
brooke11@outlook.com,13,1644691624000
brooke11@outlook.com,17,1642139704000
xdominguez@outlook.com,10,1643036207000
harrisonjason@outlook.com,47,1643897277000
harrisonjason@outlook.com,30,1645577975000
lisa46@outlook.com,11,1641854677000
lisa46@outlook.com,66,1642845516000
bishopcatherine@outlook.com,46,1645891702000
bishopcatherine@outlook.com,72,1643751875000
wrightjohn@outlook.com,69,1644973842000
jeremymoore@outlook.com,92,1644207378000
rodriguezbrian@outlook.com,30,1645889056000
rodriguezbrian@outlook.com,82,1642138578000
rickhernandez@outlook.com,16,1643020774000
rickhernandez@outlook.com,2,1644516243000
rickyhodges@outlook.com,13,1643243814000
rickyhodges@outlook.com,46,1643736775000
charleswillis@outlook.com,92,1642095658000
charleswillis@outlook.com,80,1643577977000
wallacekelli@outlook.com,60,1642286745000
justingordon@outlook.com,49,1644722046000
matthew20@outlook.com,32,1643527163000
matthew20@outlook.com,74,1645573416000
jessica05@outlook.com,8,1644034351000
fsmith@outlook.com,83,1643856241000
destinyjohnson@outlook.com,86,1643132071000
destinyjohnson@outlook.com,2,1644440601000
qgallagher@outlook.com,91,1645548892000
webbrobert@outlook.com,29,1645141310000
albert39@outlook.com,98,1642835348000
albert39@outlook.com,1,1644963978000
tmcdaniel@outlook.com,36,1642383486000
flynncarolyn@outlook.com,74,1645326435000
flynncarolyn@outlook.com,84,1642628344000
rileyjustin@outlook.com,77,1643608938000
vincentward@outlook.com,12,1642586806000
kimberlycolon@outlook.com,12,1642749112000
randolphdaniel@outlook.com,82,1642541878000
randolphdaniel@outlook.com,54,1642783226000
andersontiffany@outlook.com,53,1644459869000
barbara86@outlook.com,15,1641918403000
shafferrobert@outlook.com,94,1645916446000
shafferrobert@outlook.com,16,1642292500000
christine90@outlook.com,98,1645478190000
christine90@outlook.com,38,1645868636000
tracy53@outlook.com,12,1642222827000
bpotts@outlook.com,95,1645936644000
cschmidt@outlook.com,53,1643790517000
cschmidt@outlook.com,42,1644106072000
gdiaz@outlook.com,41,1641854849000
gdiaz@outlook.com,28,1645869517000
roy37@outlook.com,72,1641978620000
gomezchristopher@outlook.com,45,1643778510000
gomezchristopher@outlook.com,43,1644820365000
qcallahan@outlook.com,63,1642312876000
cporter@outlook.com,12,1643568928000
lopezdavid@outlook.com,35,1644821800000
gregorycobb@outlook.com,73,1644129732000
gregorycobb@outlook.com,66,1642037653000
andrew03@outlook.com,36,1644235785000
gregorywilliamson@outlook.com,67,1642173966000
gregorywilliamson@outlook.com,31,1643183285000
kmiller@outlook.com,73,1642278052000
kmiller@outlook.com,74,1643913371000
carla08@outlook.com,48,1642430368000
athomas@outlook.com,100,1644279470000
athomas@outlook.com,98,1642908948000
qlopez@outlook.com,60,1644238981000
qlopez@outlook.com,5,1644189436000
mary66@outlook.com,60,1645069636000
garyestes@outlook.com,53,1642408556000
garyestes@outlook.com,23,1645208032000
matthew14@outlook.com,1,1644062315000
mary42@outlook.com,39,1643469709000
wendy18@outlook.com,51,1641887087000
natalie01@outlook.com,18,1641985092000
bryanjill@outlook.com,14,1643769727000
gregorystrong@outlook.com,45,1641937341000
gregorystrong@outlook.com,44,1646002285000
carrieweber@outlook.com,94,1642624450000
colleen48@outlook.com,78,1643586824000
danielhoffman@outlook.com,86,1642783744000
danielhoffman@outlook.com,22,1643556652000
jerry66@outlook.com,78,1643373800000
jerry66@outlook.com,67,1645096966000
nunezandrew@outlook.com,96,1644945311000
bkelly@outlook.com,42,1644493867000
bkelly@outlook.com,33,1645936487000
vanessa08@outlook.com,33,1644137985000
vanessa08@outlook.com,19,1643956227000
lisa36@outlook.com,39,1644027331000
lisa36@outlook.com,24,1645920234000
makaylabennett@outlook.com,63,1644839348000
makaylabennett@outlook.com,20,1644911370000
tfleming@outlook.com,33,1644648759000
tfleming@outlook.com,62,1644710229000
emilycompton@outlook.com,69,1642262024000
emilycompton@outlook.com,26,1645685136000
johnsanchez@outlook.com,10,1645625256000
johnsanchez@outlook.com,48,1643898363000
kolsen@outlook.com,23,1644503391000
kolsen@outlook.com,93,1642688031000
johnkim@outlook.com,81,1643236112000
oscarnorton@outlook.com,37,1645235345000
vmarshall@outlook.com,48,1644574392000
nicholslisa@outlook.com,21,1644979481000
bhall@outlook.com,81,1641819921000
joshua04@outlook.com,4,1642346219000
joshua04@outlook.com,3,1645674483000
brownmatthew@outlook.com,27,1642102680000
joshuaevans@outlook.com,40,1645967569000
johnjohnson@outlook.com,97,1646007539000
aaron01@outlook.com,7,1645667492000
myersashley@outlook.com,14,1642271141000
michaelbrown@outlook.com,84,1642915265000
jamesgarza@outlook.com,40,1643131639000
jamesgarza@outlook.com,54,1643137812000
vhaynes@outlook.com,19,1642367870000
vhaynes@outlook.com,60,1645318344000
asilva@outlook.com,43,1646040049000
asilva@outlook.com,60,1644281714000
halejacqueline@outlook.com,40,1642118641000
bonnie47@outlook.com,93,1645133785000
bonnie47@outlook.com,5,1643543572000
danielleramirez@outlook.com,91,1642451843000
marvin14@outlook.com,44,1645107497000
emily38@outlook.com,35,1645127168000
emily38@outlook.com,81,1642666047000
benitezedward@outlook.com,98,1644944641000
carolyncastro@outlook.com,97,1642346805000
garciajessica@outlook.com,87,1643145025000
garciajessica@outlook.com,38,1644903470000
jose96@outlook.com,63,1643405812000
jose96@outlook.com,65,1646083410000
elizabethdavis@outlook.com,34,1645960902000
elizabethdavis@outlook.com,81,1645080021000
jillianlarson@outlook.com,65,1645401004000
kurtlloyd@outlook.com,69,1645103726000
kurtlloyd@outlook.com,76,1645269427000
jonesjoseph@outlook.com,15,1646117351000
rodriguezsarah@outlook.com,45,1643217685000
rodriguezsarah@outlook.com,74,1645800945000
ohoward@outlook.com,75,1642976651000
ddavidson@outlook.com,16,1644010696000
ddavidson@outlook.com,40,1643486643000
kimberly64@outlook.com,71,1643264584000
kimberly64@outlook.com,44,1645767074000
davisanne@outlook.com,12,1642061959000
mayaaron@outlook.com,40,1642630586000
mayaaron@outlook.com,57,1642919528000
bradleyfischer@outlook.com,58,1642883786000
james57@outlook.com,12,1644065944000
james57@outlook.com,52,1645356957000
charles27@outlook.com,25,1645651018000
charles27@outlook.com,16,1642222132000
juliecherry@outlook.com,34,1645516929000
juliecherry@outlook.com,93,1642782322000
tony26@outlook.com,16,1644258451000
joan01@outlook.com,95,1643217589000
joan01@outlook.com,60,1645317918000
samuelwyatt@outlook.com,89,1643074453000
samuelwyatt@outlook.com,40,1642386304000
brandonlopez@outlook.com,89,1645494551000
jchapman@outlook.com,55,1642793981000
jchapman@outlook.com,12,1643022480000
brownmegan@outlook.com,1,1641998602000
brownmegan@outlook.com,31,1645595814000
justinwinters@outlook.com,97,1644886884000
garrettjessica@outlook.com,48,1643126533000
longcameron@outlook.com,4,1644063629000
longcameron@outlook.com,91,1643290567000
williamsdanielle@outlook.com,40,1642903713000
williamsdanielle@outlook.com,24,1643766485000
bbailey@outlook.com,14,1644430704000
bbailey@outlook.com,52,1644968984000
thomasware@outlook.com,39,1642529427000
john72@outlook.com,85,1643542782000
miadavis@outlook.com,64,1641862443000
miadavis@outlook.com,14,1643490407000
brownjames@outlook.com,40,1643273973000
wjones@outlook.com,13,1644516276000
wjones@outlook.com,50,1645945356000
ddavis@outlook.com,39,1642549147000
ddavis@outlook.com,33,1643394638000
brandtsarah@outlook.com,55,1644333732000
jameskelly@outlook.com,72,1643584430000
jameskelly@outlook.com,14,1644984848000
davidpratt@outlook.com,96,1643009370000
davidpratt@outlook.com,57,1645698674000
fisherjillian@outlook.com,23,1643508279000
fisherjillian@outlook.com,52,1642594581000
moorejessica@outlook.com,98,1644877448000
taylorjohn@outlook.com,40,1645291932000
cmoore@outlook.com,15,1645066452000
timothybaker@outlook.com,67,1645550076000
williamcantu@outlook.com,66,1645251875000
williamcantu@outlook.com,71,1643457572000
ihernandez@outlook.com,66,1643559948000
ihernandez@outlook.com,60,1643185503000
tamaraguerra@outlook.com,93,1642905079000
amy70@outlook.com,9,1644691298000
amy70@outlook.com,49,1644774568000
phunt@outlook.com,13,1644279121000
danderson@outlook.com,14,1642047062000
danderson@outlook.com,46,1645617251000
erika47@outlook.com,38,1645931186000
erika47@outlook.com,26,1642507770000
wallsthomas@outlook.com,87,1642400553000
suttonpaula@outlook.com,83,1642293648000
kimberly44@outlook.com,95,1645498114000
kimberly44@outlook.com,55,1643299538000
diane23@outlook.com,7,1642921323000
snydersara@outlook.com,69,1645148197000
gomezmarisa@outlook.com,30,1643178686000
rwoods@outlook.com,60,1643670210000
dixonholly@outlook.com,91,1643016754000
dixonholly@outlook.com,99,1645948855000
whitephilip@outlook.com,47,1644458850000
whitephilip@outlook.com,27,1645879434000
elizabeth74@outlook.com,72,1642685509000
ecochran@outlook.com,15,1643630841000
aaron19@outlook.com,65,1642256314000
steven25@outlook.com,37,1642016148000
steven25@outlook.com,73,1643876237000
johnskaitlin@outlook.com,22,1644470793000
qroberts@outlook.com,80,1645520573000
christopher77@outlook.com,21,1644684586000
christopher77@outlook.com,73,1644291852000
kathleen70@outlook.com,15,1642827144000
smithmegan@outlook.com,85,1642839118000
smithmegan@outlook.com,18,1642106068000
jason85@outlook.com,84,1643242866000
smithtracy@outlook.com,18,1644842614000
paul23@outlook.com,64,1643535599000
michelemunoz@outlook.com,93,1645162163000
michelemunoz@outlook.com,23,1643864906000
lfarmer@outlook.com,40,1642575020000
lfarmer@outlook.com,78,1644900389000
boyerpamela@outlook.com,76,1645030670000
brockerin@outlook.com,92,1643115320000
brockerin@outlook.com,27,1643360554000
vanessa14@outlook.com,69,1642391285000
ztaylor@outlook.com,89,1644228652000
ztaylor@outlook.com,41,1642090354000
christypatel@outlook.com,78,1645332893000
christypatel@outlook.com,83,1645104328000
margaretbass@outlook.com,61,1645923802000
nbrown@outlook.com,76,1643990797000
tammy40@outlook.com,10,1641910354000
tammy40@outlook.com,90,1645372079000
susan17@outlook.com,64,1643020316000
susan17@outlook.com,13,1644518868000
deborahwoodard@outlook.com,14,1641900713000
ggonzalez@outlook.com,62,1642875942000
chasekelly@outlook.com,8,1643226270000
davidporter@outlook.com,68,1645228439000
pmyers@outlook.com,51,1645074374000
phenderson@outlook.com,58,1643640548000
patricia19@outlook.com,91,1645262423000
ebailey@outlook.com,49,1643955779000
ebailey@outlook.com,15,1644641638000
shawn14@outlook.com,48,1642130428000
shawn14@outlook.com,36,1645192092000
michelle46@outlook.com,57,1643662306000
michelle46@outlook.com,13,1645701595000
williamyoung@outlook.com,15,1644685899000
renee91@outlook.com,79,1646087135000
renee91@outlook.com,17,1642412084000
jchambers@outlook.com,61,1645882667000
james68@outlook.com,61,1645478891000
glopez@outlook.com,85,1644546983000
glopez@outlook.com,35,1642706077000
virginia11@outlook.com,56,1641867483000
virginia11@outlook.com,8,1642888794000
jasonbishop@outlook.com,14,1642504701000
jasonbishop@outlook.com,79,1642559315000
harriswanda@outlook.com,55,1642422676000
daniellebrewer@outlook.com,66,1645849096000
millerjoshua@outlook.com,48,1641927109000
kurtmeyer@outlook.com,40,1644098736000
michellewagner@outlook.com,51,1643130381000
michellewagner@outlook.com,4,1643691647000
ortizjeffrey@outlook.com,62,1645989358000
fred54@outlook.com,73,1641971992000
fred54@outlook.com,57,1642365921000
salazarleroy@outlook.com,71,1645100017000
katie65@outlook.com,92,1645489332000
katie65@outlook.com,78,1642689667000
eric15@outlook.com,5,1644249008000
wsmith@outlook.com,48,1642069470000
debracampbell@outlook.com,15,1642046934000
debracampbell@outlook.com,18,1643911562000
john84@outlook.com,23,1642245666000
rachelgraham@outlook.com,79,1644727758000
dariusgriffin@outlook.com,7,1644129407000
dariusgriffin@outlook.com,17,1644719822000
webblogan@outlook.com,28,1642014670000
pbaker@outlook.com,91,1645427519000
ehernandez@outlook.com,59,1644774448000
ehernandez@outlook.com,69,1643872590000
marissa35@outlook.com,39,1642189627000
marissa35@outlook.com,22,1644183943000
lori44@outlook.com,59,1643172559000
robert60@outlook.com,94,1643279895000
robert60@outlook.com,16,1644337186000
vargastracy@outlook.com,12,1645750673000
elizabeth15@outlook.com,97,1644470657000
elizabeth15@outlook.com,86,1643922749000
derekbanks@outlook.com,63,1643683412000
derekbanks@outlook.com,64,1641941260000
vancekara@outlook.com,56,1642650091000
vancekara@outlook.com,42,1643810107000
barbaraibarra@outlook.com,16,1643188883000
barbaraibarra@outlook.com,46,1644627490000
gary81@outlook.com,40,1641929692000
arthurlee@outlook.com,100,1644519732000
fferguson@outlook.com,10,1643451522000
fferguson@outlook.com,94,1642565110000
natashamurphy@outlook.com,91,1642227002000
oward@outlook.com,85,1643287455000
georgemendez@outlook.com,92,1644205085000
georgemendez@outlook.com,7,1642442543000
michellegonzalez@outlook.com,44,1644464644000
floydvincent@outlook.com,78,1642553680000
xwilliams@outlook.com,23,1644183356000
xwilliams@outlook.com,37,1644431884000
randall58@outlook.com,95,1644509020000
randall58@outlook.com,65,1643056073000
lkramer@outlook.com,68,1642202060000
rachael81@outlook.com,49,1642158023000
rachael81@outlook.com,74,1644990362000
zwu@outlook.com,30,1645592642000
thomasharrison@outlook.com,89,1643436953000
thomasharrison@outlook.com,41,1642317162000
phoward@outlook.com,36,1641998202000
phoward@outlook.com,21,1645049673000
sharonjones@outlook.com,79,1642894062000
qcain@outlook.com,49,1642975593000
qcain@outlook.com,14,1645937840000
laura33@outlook.com,96,1644919183000
laura33@outlook.com,81,1644443684000
hamptonmonica@outlook.com,62,1645551333000
hamptonmonica@outlook.com,96,1645887860000
robertsmith@outlook.com,14,1643466257000
robertsmith@outlook.com,96,1642318154000
lloydjoyce@outlook.com,88,1643627948000
rebeccabryant@outlook.com,57,1643363685000
rebeccabryant@outlook.com,55,1643206194000
gfletcher@outlook.com,28,1644175930000
shawtiffany@outlook.com,46,1644006063000
shawtiffany@outlook.com,18,1645166857000
elainemontgomery@outlook.com,12,1643556244000
owells@outlook.com,84,1646057626000
tmelton@outlook.com,34,1643388666000
christopher14@outlook.com,13,1642187911000
daniel83@outlook.com,45,1643056615000
daniel83@outlook.com,70,1645313950000
lopeztara@outlook.com,34,1645180659000
lopeztara@outlook.com,24,1645797445000
cking@outlook.com,4,1642861755000
audrey23@outlook.com,5,1643461208000
audrey23@outlook.com,35,1643058516000
russellnguyen@outlook.com,17,1644910907000
russellnguyen@outlook.com,56,1644773762000
brownkatherine@outlook.com,23,1643180009000
brownkatherine@outlook.com,23,1645867696000
kennethchristian@outlook.com,89,1645763644000
tthomas@outlook.com,64,1645597254000
khenry@outlook.com,55,1642847900000
hdiaz@outlook.com,60,1644362006000
hdiaz@outlook.com,24,1643853642000
pmiller@outlook.com,92,1644229334000
andersonlinda@outlook.com,42,1644584490000
rcompton@outlook.com,63,1643217418000
rcompton@outlook.com,31,1642119511000
heidimartinez@outlook.com,15,1642091297000
heidimartinez@outlook.com,10,1643181325000
petersemma@outlook.com,98,1643925743000
jeremiahwarren@outlook.com,15,1645404768000
jeremiahwarren@outlook.com,34,1643707082000
laurablackburn@outlook.com,68,1644847171000
rebeccasnyder@outlook.com,99,1643725440000
rebeccasnyder@outlook.com,68,1642988773000
jason02@outlook.com,81,1642809573000
jason02@outlook.com,28,1643064353000
martinezelaine@outlook.com,15,1642980252000
martinezelaine@outlook.com,29,1645823551000
draketravis@outlook.com,61,1643427841000
draketravis@outlook.com,40,1645491141000
shafferemma@outlook.com,7,1643910527000
patriciacarter@outlook.com,84,1641958915000
patriciacarter@outlook.com,97,1644113332000
anthony15@outlook.com,11,1643722967000
jacquelinedavis@outlook.com,60,1643796791000
jacquelinedavis@outlook.com,14,1641896554000
joshuaevans@outlook.com,57,1642145038000
joshuaevans@outlook.com,13,1645830883000
hammondjeff@outlook.com,100,1643645175000
hammondjeff@outlook.com,28,1643401616000
dianadominguez@outlook.com,4,1643917983000
kellyemily@outlook.com,82,1642755402000
erin50@outlook.com,73,1643649101000
olivermichael@outlook.com,63,1645420626000
kirkjeffery@outlook.com,46,1642008845000
kirkjeffery@outlook.com,53,1644984262000
michellecollins@outlook.com,66,1642690785000
michellecollins@outlook.com,86,1645542927000
kenneth02@outlook.com,25,1644216100000
scott62@outlook.com,72,1644562958000
scott62@outlook.com,28,1644183664000
wolfeshannon@outlook.com,46,1643666965000
justin60@outlook.com,63,1644846348000
justin60@outlook.com,91,1644487754000
vargasjohn@outlook.com,94,1641999604000
vargasjohn@outlook.com,60,1642872729000
bellpatricia@outlook.com,19,1643807932000
bellpatricia@outlook.com,85,1642868088000
shelby78@outlook.com,96,1643472346000
mcdonaldbrian@outlook.com,15,1645074960000
mcdonaldbrian@outlook.com,71,1645424748000
mackjohnny@outlook.com,96,1643040851000
randyreyes@outlook.com,26,1644146216000
randyreyes@outlook.com,26,1643618010000
xwilkinson@outlook.com,66,1643296814000
xwilkinson@outlook.com,94,1643850053000
younglori@outlook.com,30,1643037299000
younglori@outlook.com,73,1644412492000
doyletiffany@outlook.com,36,1643751185000
doyletiffany@outlook.com,7,1643222282000
amydiaz@outlook.com,95,1646046983000
mark86@outlook.com,12,1642924772000
mark86@outlook.com,2,1644471059000
swebster@outlook.com,11,1645615568000
lisavannah@outlook.com,74,1642451010000
umckee@outlook.com,9,1645971629000
umckee@outlook.com,59,1644033121000
walkeralicia@outlook.com,83,1642039590000
walkeralicia@outlook.com,16,1642217596000
alicia91@outlook.com,79,1641985879000
lcarroll@outlook.com,89,1643950360000
antoniomiller@outlook.com,10,1643909104000
tracey98@outlook.com,55,1645124955000
tracey98@outlook.com,43,1644202295000
sara81@outlook.com,20,1645027585000
sara81@outlook.com,44,1644792669000
katherinephillips@outlook.com,42,1642338784000
wilsoncharles@outlook.com,17,1642274220000
wilsoncharles@outlook.com,49,1643977369000
williamspatrick@outlook.com,18,1642706278000
karenshelton@outlook.com,76,1643716348000
karenshelton@outlook.com,49,1642031413000
jodi62@outlook.com,100,1641893466000
jodi62@outlook.com,52,1645472785000
davidhansen@outlook.com,72,1644671125000
davidhansen@outlook.com,17,1645128326000
uschaefer@outlook.com,58,1644287024000
uschaefer@outlook.com,97,1644068287000
qmoreno@outlook.com,25,1644547658000
qmoreno@outlook.com,45,1643360035000
paullucas@outlook.com,84,1644983111000
stefaniewillis@outlook.com,3,1643633300000
stefaniewillis@outlook.com,13,1643265547000
arielbrown@outlook.com,83,1645941810000
arielbrown@outlook.com,41,1645313645000
kimberly95@outlook.com,56,1645238183000
sanfordtroy@outlook.com,6,1643799910000
sanfordtroy@outlook.com,94,1642031769000
ymontgomery@outlook.com,86,1645035244000
ymontgomery@outlook.com,85,1644503826000
burnsrobert@outlook.com,81,1643740953000
maria67@outlook.com,6,1643885702000
maria67@outlook.com,38,1643166637000
tiffany91@outlook.com,61,1645769064000
tiffany91@outlook.com,81,1645099938000
justinfletcher@outlook.com,98,1645834135000
justinfletcher@outlook.com,41,1643439073000
wrightjoseph@outlook.com,100,1643148351000
wrightjoseph@outlook.com,90,1645246371000
paultaylor@outlook.com,3,1643048683000
paultaylor@outlook.com,75,1645322506000
rpage@outlook.com,35,1642375916000
christopherkerr@outlook.com,92,1643626411000
christopherkerr@outlook.com,97,1643322673000
elizabeth56@outlook.com,48,1645938856000
elizabeth56@outlook.com,16,1643255004000
flawrence@outlook.com,41,1644014266000
flawrence@outlook.com,3,1646089268000
gail94@outlook.com,98,1642428808000
herreracaleb@outlook.com,78,1643703722000
weeksemily@outlook.com,80,1642112574000
weeksemily@outlook.com,70,1643769792000
andrewsmith@outlook.com,50,1643257212000
frankjeff@outlook.com,57,1645792840000
frankjeff@outlook.com,25,1642271764000
franklinandrew@outlook.com,69,1643830492000
franklinandrew@outlook.com,78,1642359982000
adambutler@outlook.com,40,1641871091000
adambutler@outlook.com,22,1644642526000
nancylopez@outlook.com,11,1646030705000
skinnerkimberly@outlook.com,73,1642884583000
skinnerkimberly@outlook.com,40,1644197598000
costacheryl@outlook.com,99,1644330610000
dawnpeterson@outlook.com,16,1643137403000
dawnpeterson@outlook.com,12,1642675032000
sharonmiller@outlook.com,54,1645345317000
erin84@outlook.com,41,1641990688000
erin84@outlook.com,75,1645578747000
shawjoseph@outlook.com,92,1644335565000
kdavis@outlook.com,6,1645382188000
kdavis@outlook.com,90,1643969777000
tsalazar@outlook.com,35,1645533321000
joshua89@outlook.com,40,1644140330000
joshua89@outlook.com,96,1641951891000
esmith@outlook.com,90,1642178613000
nathancompton@outlook.com,70,1645146998000
nathancompton@outlook.com,58,1645229437000
turnerandrea@outlook.com,84,1644107268000
nward@outlook.com,59,1645332290000
nward@outlook.com,18,1644538304000
michelle88@outlook.com,73,1644262189000
michelle88@outlook.com,24,1645848813000
heidi01@outlook.com,22,1645906416000
heidi01@outlook.com,7,1644846434000
taylorcole@outlook.com,75,1645668799000
taylorcole@outlook.com,93,1644660208000
owatson@outlook.com,66,1643649410000
owatson@outlook.com,72,1645593797000
crossjerry@outlook.com,59,1644973884000
bryantjohn@outlook.com,79,1645201071000
mooneydennis@outlook.com,39,1644025856000
robertgilbert@outlook.com,84,1645528806000
robertgilbert@outlook.com,68,1645483859000
edward39@outlook.com,65,1644424477000
edward39@outlook.com,62,1642691487000
hayley68@outlook.com,8,1642548501000
hayley68@outlook.com,32,1645218855000
bryan21@outlook.com,35,1644691880000
bryan21@outlook.com,61,1644215643000
yevans@outlook.com,27,1642677546000
yevans@outlook.com,24,1642286551000
sanchezmichelle@outlook.com,19,1643479916000
lcantrell@outlook.com,71,1644993976000
lcantrell@outlook.com,45,1643244043000
cnewton@outlook.com,9,1644752835000
cnewton@outlook.com,46,1643206824000
solisbilly@outlook.com,39,1642821197000
anthony14@outlook.com,46,1643166119000
anthony14@outlook.com,88,1645844056000
johnmahoney@outlook.com,88,1642581718000
johnmahoney@outlook.com,33,1642974139000
cochranmegan@outlook.com,39,1645525037000
cochranmegan@outlook.com,7,1645510221000
jason00@outlook.com,85,1641930701000
jason00@outlook.com,91,1642377431000
alexis60@outlook.com,6,1645740258000
kellypowell@outlook.com,32,1642233694000
kellypowell@outlook.com,88,1642142552000
kperez@outlook.com,45,1644001207000
kperez@outlook.com,27,1644298980000
rhaynes@outlook.com,67,1644836106000
rhaynes@outlook.com,28,1644831466000
josephmurphy@outlook.com,34,1644478418000
qyoung@outlook.com,13,1642826825000
williamsonjeanne@outlook.com,2,1645703485000
brownmichael@outlook.com,8,1644155060000
ulowe@outlook.com,1,1643385986000
ulowe@outlook.com,99,1642174354000
anne92@outlook.com,62,1641975086000
wwerner@outlook.com,95,1644211525000
wwerner@outlook.com,5,1645703723000
sanchezmelissa@outlook.com,10,1644397413000
xevans@outlook.com,37,1643216763000
thomaszamora@outlook.com,64,1643854930000
thomaszamora@outlook.com,76,1645158803000
garzarobert@outlook.com,78,1643233805000
monroesamantha@outlook.com,50,1643360665000
nicole61@outlook.com,5,1643927734000
nicole61@outlook.com,82,1643446147000
jamesjohnson@outlook.com,39,1644932647000
jamesjohnson@outlook.com,10,1643773000000
sean03@outlook.com,27,1642220148000
walkerveronica@outlook.com,42,1645653841000
walkerveronica@outlook.com,22,1642775339000
hendersoncassandra@outlook.com,11,1645961627000
hendersoncassandra@outlook.com,74,1645435431000
tyler14@outlook.com,44,1645218148000
angela02@outlook.com,72,1645823111000
holly71@outlook.com,15,1645911509000
woodsjessica@outlook.com,72,1643981758000
woodsjessica@outlook.com,34,1642333178000
steven13@outlook.com,52,1644303752000
rangellindsey@outlook.com,86,1645017262000
jeffrey93@outlook.com,77,1643498996000
jeffrey93@outlook.com,16,1642394004000
kim01@outlook.com,71,1644262043000
rhodesvincent@outlook.com,51,1643962399000
lewisjesse@outlook.com,78,1642616159000
david36@outlook.com,16,1645153381000
dianerichardson@outlook.com,47,1643328589000
michael43@outlook.com,96,1642478221000
kathrynmorris@outlook.com,61,1642938021000
kathrynmorris@outlook.com,58,1643778432000
william82@outlook.com,100,1642812044000
william82@outlook.com,60,1645889623000
nicholasmcdonald@outlook.com,79,1645149328000
nicholasmcdonald@outlook.com,48,1644837267000
lee15@outlook.com,62,1645908218000
lee15@outlook.com,59,1644523466000
brucefrancis@outlook.com,56,1641874970000
brucefrancis@outlook.com,72,1645466668000
brownnatasha@outlook.com,69,1645782254000
quinnpaige@outlook.com,90,1644054947000
amyhughes@outlook.com,18,1643321657000
kwest@outlook.com,92,1645386137000
robertcarpenter@outlook.com,54,1643311574000
robertcarpenter@outlook.com,53,1642091825000
boylekristina@outlook.com,64,1645798165000
cjordan@outlook.com,36,1645724844000
cjordan@outlook.com,57,1642473742000
angelacarroll@outlook.com,27,1643496413000
patricia86@outlook.com,46,1645595124000
henrymccarty@outlook.com,57,1645537919000
henrymccarty@outlook.com,87,1645892106000
patrickjacqueline@outlook.com,69,1644421012000
chelsea91@outlook.com,38,1644200249000
chelsea91@outlook.com,54,1646114337000
yatesdiana@outlook.com,14,1645451929000
cperez@outlook.com,66,1644493841000
cperez@outlook.com,85,1642585138000
maycheryl@outlook.com,12,1641894947000
maycheryl@outlook.com,61,1643139217000
donna81@outlook.com,35,1644834159000
emcdonald@outlook.com,17,1641948675000
emcdonald@outlook.com,91,1645121218000
carl27@outlook.com,99,1645460612000
cgonzalez@outlook.com,66,1644470576000
francodiane@outlook.com,52,1641962454000
francodiane@outlook.com,52,1644096266000
zachary65@outlook.com,57,1646124128000
gateshenry@outlook.com,7,1643580933000
ohopkins@outlook.com,87,1642624507000
danielleprice@outlook.com,51,1643723623000
danielleprice@outlook.com,10,1643025370000
joneseduardo@outlook.com,93,1645384592000
joneseduardo@outlook.com,82,1644879836000
gsullivan@outlook.com,39,1642222898000
gsullivan@outlook.com,83,1645681211000
tlewis@outlook.com,10,1645439260000
tracey14@outlook.com,27,1642159708000
lroberts@outlook.com,45,1644432924000
catherine47@outlook.com,62,1644979063000
robertmiller@outlook.com,85,1644332120000
robertmiller@outlook.com,3,1645792217000
mcdowelljohn@outlook.com,33,1645215271000
mcdowelljohn@outlook.com,80,1644692091000
deanna28@outlook.com,72,1643764737000
nelsonjustin@outlook.com,92,1641923914000
nelsonjustin@outlook.com,1,1645924588000
peter79@outlook.com,3,1642111390000
mariohernandez@outlook.com,84,1643080731000
acostaandre@outlook.com,78,1642017807000
acostaandre@outlook.com,9,1644441198000
imcguire@outlook.com,84,1642412578000
suzanneking@outlook.com,74,1642189263000
suzanneking@outlook.com,32,1644585944000
mterry@outlook.com,31,1642613048000
mterry@outlook.com,41,1643670089000
smithmichael@outlook.com,82,1642346078000
smithmichael@outlook.com,22,1642193644000
seanramirez@outlook.com,13,1642209055000
jerrymorrow@outlook.com,13,1644063574000
andreasmith@outlook.com,17,1644550557000
andreasmith@outlook.com,10,1643654308000
sbrown@outlook.com,42,1646076643000
tbaker@outlook.com,77,1643631627000
tbaker@outlook.com,10,1643171988000
davidsoncourtney@outlook.com,81,1643029525000
davidsoncourtney@outlook.com,77,1642795211000
smithmarcus@outlook.com,68,1645816911000
richardmayer@outlook.com,24,1642446641000
richardmayer@outlook.com,41,1645286609000
heatherwoodward@outlook.com,77,1646096806000
hessjose@outlook.com,57,1644147442000
morganduncan@outlook.com,1,1643290839000
jeffreymelton@outlook.com,84,1642198247000
robert07@outlook.com,81,1644812915000
robert07@outlook.com,18,1643817495000
matthew66@outlook.com,35,1642360508000
ashleytran@outlook.com,57,1645806028000
ashleytran@outlook.com,27,1643924775000
elizabethsmith@outlook.com,63,1643070793000
gonzaleslinda@outlook.com,4,1644464132000
gonzaleslinda@outlook.com,74,1644509945000
xphillips@outlook.com,8,1645350924000
xphillips@outlook.com,45,1645466712000
shellyanderson@outlook.com,61,1644813398000
shellyanderson@outlook.com,69,1644736020000
ortizthomas@outlook.com,12,1643528306000
ortizthomas@outlook.com,42,1644680149000
dcochran@outlook.com,38,1642329929000
dcochran@outlook.com,92,1645413713000
rbrown@outlook.com,74,1643282312000
griffinscott@outlook.com,76,1642584844000
perezkenneth@outlook.com,99,1644169722000
perezkenneth@outlook.com,84,1644635295000
michael45@outlook.com,74,1644129572000
melissaramos@outlook.com,82,1644022409000
melissaramos@outlook.com,53,1642503079000
kbishop@outlook.com,66,1641855867000
kbishop@outlook.com,74,1644987833000
wcastro@outlook.com,17,1644433836000
wcastro@outlook.com,84,1642104172000
david93@outlook.com,53,1643735075000
marcus90@outlook.com,88,1642200656000
kristinaleon@outlook.com,43,1644084527000
sperez@outlook.com,59,1642143512000
sperez@outlook.com,72,1643586341000
andrewstheresa@outlook.com,32,1642732557000
andrewstheresa@outlook.com,79,1642109437000
nicholas17@outlook.com,96,1646086265000
jill57@outlook.com,35,1642588228000
jill57@outlook.com,32,1642312162000
andersonroy@outlook.com,28,1641869676000
stokesbrandon@outlook.com,2,1643569357000
keycharles@outlook.com,42,1642859324000
perezjeremy@outlook.com,96,1644269644000
sleonard@outlook.com,100,1642614642000
ubarker@outlook.com,79,1642626248000
ubarker@outlook.com,85,1643339665000
tneal@outlook.com,83,1645897621000
tneal@outlook.com,30,1642556872000
courtney16@outlook.com,77,1644575697000
courtney16@outlook.com,87,1642227160000
amy17@outlook.com,92,1646102257000
hamiltonsandra@outlook.com,55,1644562299000
ann88@outlook.com,65,1643322463000
qblack@outlook.com,95,1643116526000
xsmith@outlook.com,25,1643057465000
lwalker@outlook.com,44,1643263047000
sarakidd@outlook.com,91,1644413510000
sarakidd@outlook.com,77,1643501120000
guerrerojason@outlook.com,12,1646101322000
atkinsgarrett@outlook.com,91,1646067857000
atkinsgarrett@outlook.com,16,1645129210000
richard06@outlook.com,3,1642723389000
richard06@outlook.com,45,1642878406000
oosborne@outlook.com,69,1641871310000
oosborne@outlook.com,33,1642175620000
haleronald@outlook.com,9,1642422041000
haleronald@outlook.com,100,1643166844000
iallen@outlook.com,64,1642450747000
iallen@outlook.com,91,1645637494000
lewiswilliam@outlook.com,76,1644366211000
lewiswilliam@outlook.com,11,1644379018000
pamelaevans@outlook.com,81,1642854881000
rodriguezpaul@outlook.com,45,1642425339000
fernandoharris@outlook.com,22,1644932270000
fernandoharris@outlook.com,16,1644390146000
nelsonsteven@outlook.com,1,1644244435000
timothyzuniga@outlook.com,19,1644077480000
timothyzuniga@outlook.com,46,1642398009000
jonathanrussell@outlook.com,73,1643871389000
vjones@outlook.com,85,1644677464000
vjones@outlook.com,89,1644914409000
johndavis@outlook.com,64,1644229484000
johndavis@outlook.com,66,1643209186000
christopherlittle@outlook.com,14,1645580137000
tramos@outlook.com,30,1645652652000
tramos@outlook.com,48,1645610765000
ybeck@outlook.com,86,1643911258000
prichardson@outlook.com,50,1644936795000
kenneth74@outlook.com,1,1644773218000
kenneth74@outlook.com,13,1644843907000
larsennathan@outlook.com,34,1642917982000
hannah35@outlook.com,59,1644771479000
paulwilliams@outlook.com,27,1644859438000
paulwilliams@outlook.com,51,1644600007000
sara61@outlook.com,73,1642211200000
sara61@outlook.com,98,1644217263000
carol86@outlook.com,96,1642117329000
carol86@outlook.com,3,1645793303000
alexagutierrez@outlook.com,17,1644158017000
alexagutierrez@outlook.com,64,1641974631000
juliafuller@outlook.com,21,1644057452000
lisa98@outlook.com,31,1644884080000
daisy43@outlook.com,83,1643234039000
caldwellbenjamin@outlook.com,55,1643073246000
caldwellbenjamin@outlook.com,27,1643365434000
jacquelineleblanc@outlook.com,11,1641924812000
jacquelineleblanc@outlook.com,36,1644172652000
tracibrown@outlook.com,31,1644232689000
lopezkarl@outlook.com,11,1644879600000
lopezkarl@outlook.com,32,1642026753000
matthew70@outlook.com,18,1643009418000
myersbrandon@outlook.com,15,1643897943000
myersbrandon@outlook.com,65,1642714616000
gutierrezjames@outlook.com,31,1645166769000
gutierrezjames@outlook.com,19,1643558397000
sandratrevino@outlook.com,36,1641918125000
gpeterson@outlook.com,31,1642807311000
gpeterson@outlook.com,49,1645778666000
pamelarodriguez@outlook.com,55,1643171931000
pamelarodriguez@outlook.com,53,1644184048000
michellemurillo@outlook.com,20,1642838177000
michellemurillo@outlook.com,28,1645756320000
ddowns@outlook.com,68,1643490043000
ddowns@outlook.com,43,1642935442000
samuelhernandez@outlook.com,89,1645728987000
rachel15@outlook.com,91,1642548655000
rachel15@outlook.com,55,1642929250000
sherry82@outlook.com,61,1643935562000
geraldflynn@outlook.com,52,1645046164000
geraldflynn@outlook.com,2,1645785049000
zramirez@outlook.com,6,1645058991000
johnsonchristopher@outlook.com,77,1642583309000
howardcathy@outlook.com,39,1644313135000
howardcathy@outlook.com,51,1645285134000
brandon19@outlook.com,54,1645884304000
brandon19@outlook.com,2,1641996176000
luke05@outlook.com,31,1644037256000
garciaryan@outlook.com,6,1643959502000
castilloana@outlook.com,67,1643721128000
marcusalvarez@outlook.com,100,1645841470000
marcusalvarez@outlook.com,70,1643871396000
chogan@outlook.com,17,1644263584000
brandywashington@outlook.com,29,1643919174000
brandywashington@outlook.com,84,1645148898000
bruiz@outlook.com,51,1645682435000
rogervazquez@outlook.com,59,1645839607000
shawn99@outlook.com,57,1643846880000
shawn99@outlook.com,85,1644755764000
moorestephanie@outlook.com,10,1643829726000
monicajohnson@outlook.com,39,1644844103000
monicajohnson@outlook.com,75,1645437887000
shanewilliams@outlook.com,27,1642329280000
debrawiley@outlook.com,23,1643502956000
debrawiley@outlook.com,63,1645670365000
sheilapratt@outlook.com,13,1643074265000
sheilapratt@outlook.com,94,1644247730000
ygardner@outlook.com,68,1644133537000
caldwelltasha@outlook.com,61,1644228317000
caldwelltasha@outlook.com,72,1644716964000
robert05@outlook.com,79,1641933455000
robert05@outlook.com,16,1644121701000
trose@outlook.com,24,1645790553000
trose@outlook.com,5,1645021700000
millertina@outlook.com,9,1644526918000
jason12@outlook.com,53,1644453306000
jason12@outlook.com,3,1644899668000
richardbryant@outlook.com,53,1644998765000
richardbryant@outlook.com,47,1644105044000
samantha58@outlook.com,53,1643458212000
samantha58@outlook.com,56,1645073489000
david35@outlook.com,85,1642996720000
david35@outlook.com,46,1642372189000
matthew33@outlook.com,5,1644050153000
amystephenson@outlook.com,83,1643411554000
amystephenson@outlook.com,91,1644319839000
ewhite@outlook.com,83,1644833936000
natalie54@outlook.com,11,1642896788000
natalie54@outlook.com,57,1645866444000
gfarrell@outlook.com,20,1642639658000
gfarrell@outlook.com,98,1643955745000
omiranda@outlook.com,93,1645473087000
tonyschwartz@outlook.com,86,1642175702000
cynthiacarr@outlook.com,92,1642763602000
juan27@outlook.com,2,1645838714000
kristen92@outlook.com,4,1645396081000
danielhenry@outlook.com,24,1642461472000
danielhenry@outlook.com,19,1643189578000
chelsea67@outlook.com,19,1645651889000
laurie19@outlook.com,80,1642993328000
laurie19@outlook.com,71,1643780945000
bradleygraves@outlook.com,80,1645850867000
bradleygraves@outlook.com,11,1642214668000
dholland@outlook.com,32,1643340370000
dholland@outlook.com,25,1644992702000
travis90@outlook.com,23,1645973143000
travis90@outlook.com,33,1643547861000
patrickcarter@outlook.com,37,1645039831000
kwise@outlook.com,24,1641885600000
clopez@outlook.com,97,1642280239000
lopezmario@outlook.com,25,1643448970000
lopezmario@outlook.com,30,1644187338000
goconnell@outlook.com,100,1642159282000
goconnell@outlook.com,3,1644051359000
tpowers@outlook.com,9,1644951064000
mary00@outlook.com,14,1643913853000
vrice@outlook.com,70,1645064871000
vrice@outlook.com,66,1643517773000
nicolelloyd@outlook.com,59,1644440790000
patricia78@outlook.com,76,1643697443000
patricia78@outlook.com,42,1643586709000
michael32@outlook.com,18,1643564019000
brownemily@outlook.com,42,1645908172000
brownemily@outlook.com,20,1646070587000
mitchelldaisy@outlook.com,23,1645930312000
mitchelldaisy@outlook.com,90,1642576382000
fernandezdylan@outlook.com,56,1644932512000
fernandezdylan@outlook.com,70,1642337279000
toni02@outlook.com,62,1643437926000
toni02@outlook.com,34,1643194898000
matastephanie@outlook.com,88,1645926633000
christopherlowery@outlook.com,28,1645851942000
christopherlowery@outlook.com,93,1642880397000
laurenday@outlook.com,36,1643134905000
xavier25@outlook.com,29,1643387238000
dennis83@outlook.com,48,1643161736000
morenopaul@outlook.com,69,1644063484000
morenopaul@outlook.com,28,1643843343000
teresahopkins@outlook.com,93,1643424861000
tjohnson@outlook.com,61,1643062864000
yhughes@outlook.com,78,1642843758000
bjames@outlook.com,13,1644650065000
bjames@outlook.com,72,1645521584000
christopher05@outlook.com,51,1644527950000
williammorales@outlook.com,90,1644110535000
williammorales@outlook.com,17,1644661107000
mmoran@outlook.com,18,1645655741000
fullerjoshua@outlook.com,92,1643900975000
fullerjoshua@outlook.com,78,1643742818000
george80@outlook.com,59,1645860498000
kathleenking@outlook.com,92,1642858999000
kathleenking@outlook.com,50,1642179214000
julie53@outlook.com,40,1642319119000
julie53@outlook.com,55,1642100278000
gallegoschristina@outlook.com,73,1643383102000
raymond31@outlook.com,5,1645154521000
angela43@outlook.com,84,1642746527000
ufaulkner@outlook.com,35,1643301681000
ufaulkner@outlook.com,10,1644760275000
harmonnicole@outlook.com,29,1644606662000
erikamyers@outlook.com,33,1645161336000
mbenton@outlook.com,69,1642936500000
mbenton@outlook.com,31,1643646998000
dayers@outlook.com,21,1643090417000
dayers@outlook.com,76,1642875665000
luis18@outlook.com,83,1644450569000
jasminetaylor@outlook.com,96,1642985472000
petersalexandra@outlook.com,11,1645066022000
karenmassey@outlook.com,51,1642764299000
wardgregory@outlook.com,79,1645444193000
wardgregory@outlook.com,64,1643371707000
ewebb@outlook.com,98,1642802148000
brittanyduffy@outlook.com,9,1644381475000
meghancalderon@outlook.com,68,1645032696000
clarklonnie@outlook.com,31,1643129524000
david93@outlook.com,36,1643309552000
david93@outlook.com,19,1644750091000
smithdavid@outlook.com,53,1644169777000
smithdavid@outlook.com,56,1642883631000
derrickjohnson@outlook.com,88,1644692177000
derrickjohnson@outlook.com,67,1641817672000
rmendoza@outlook.com,64,1642691899000
rmendoza@outlook.com,73,1642463948000
nmoore@outlook.com,3,1644365043000
nmoore@outlook.com,48,1642644870000
ereid@outlook.com,15,1641814969000
samanthahensley@outlook.com,84,1641811119000
samanthahensley@outlook.com,53,1643875604000
valerie80@outlook.com,8,1642096502000
kellis@outlook.com,54,1643951708000
williamgonzalez@outlook.com,99,1642651496000
williamgonzalez@outlook.com,60,1646042829000
joannpearson@outlook.com,61,1645921177000
joannpearson@outlook.com,81,1642355283000
wilcoxkathleen@outlook.com,75,1644325047000
wilcoxkathleen@outlook.com,81,1645780864000
leahbrown@outlook.com,72,1645102383000
angelalloyd@outlook.com,56,1643089028000
angelalloyd@outlook.com,95,1643941487000
john08@outlook.com,22,1642375194000
sheenaortiz@outlook.com,43,1643931100000
martinchristine@outlook.com,1,1644689644000
martinchristine@outlook.com,38,1645981969000
kristen00@outlook.com,66,1642603519000
ibryan@outlook.com,38,1642863533000
ibryan@outlook.com,13,1641836216000
david95@outlook.com,50,1645167671000
david95@outlook.com,34,1644037774000
brownmartin@outlook.com,79,1645374857000
brownmartin@outlook.com,90,1645759546000
navarronancy@outlook.com,95,1642124373000
navarronancy@outlook.com,55,1644129290000
scohen@outlook.com,95,1644725129000
evansbenjamin@outlook.com,46,1641968669000
evansbenjamin@outlook.com,35,1642425020000
debbielittle@outlook.com,8,1643413101000
mitchellsharon@outlook.com,65,1645595518000
mitchellsharon@outlook.com,8,1643517244000
amy13@outlook.com,53,1645967023000
amy13@outlook.com,81,1643025253000
mitchelldaniel@outlook.com,35,1642831650000
davismichael@outlook.com,52,1642594700000
davismichael@outlook.com,52,1643366295000
matthewfloyd@outlook.com,16,1643448575000
gcarter@outlook.com,67,1643942643000
johnparker@outlook.com,96,1642135044000
johnparker@outlook.com,92,1645187085000
nmichael@outlook.com,26,1644621899000
eallen@outlook.com,96,1642238114000
annetteruiz@outlook.com,44,1643301238000
woodbrittany@outlook.com,92,1645616727000
thomas84@outlook.com,60,1642520143000
bushmichael@outlook.com,68,1645130623000
bushmichael@outlook.com,92,1644925681000
mday@outlook.com,31,1643350538000
mday@outlook.com,52,1645694471000
katrinacastaneda@outlook.com,96,1642604187000
shawdylan@outlook.com,95,1642983879000
shawdylan@outlook.com,37,1645328480000
juliamoreno@outlook.com,30,1646061707000
juliamoreno@outlook.com,62,1644028827000
stephensanne@outlook.com,64,1645194371000
mindy03@outlook.com,28,1642114094000
mindy03@outlook.com,56,1643023960000
christina03@outlook.com,32,1642141405000
christina03@outlook.com,31,1645754370000
amydaniels@outlook.com,62,1642437897000
amydaniels@outlook.com,87,1642769986000
zbird@outlook.com,32,1645952594000
zbird@outlook.com,78,1645205227000
tamara28@outlook.com,53,1646051500000
dianathompson@outlook.com,41,1643345565000
dianathompson@outlook.com,1,1646025586000
emma72@outlook.com,78,1643121033000
sschmitt@outlook.com,40,1642873576000
kgibson@outlook.com,90,1643771530000
susan54@outlook.com,11,1643994104000
janeblack@outlook.com,57,1642810040000
janeblack@outlook.com,93,1643549898000
knguyen@outlook.com,25,1642162869000
stewartanthony@outlook.com,43,1641846029000
stewartanthony@outlook.com,54,1644847071000
martineztony@outlook.com,85,1645411187000
smorgan@outlook.com,24,1643653299000
barbara84@outlook.com,27,1644718318000
barbara84@outlook.com,64,1643898586000
carlosclark@outlook.com,70,1643646448000
carlosclark@outlook.com,74,1642707094000
brandon11@outlook.com,63,1644355692000
duaneallen@outlook.com,41,1642753481000
duaneallen@outlook.com,17,1644167968000
gregory92@outlook.com,95,1642508312000
gaytonya@outlook.com,2,1641880843000
gaytonya@outlook.com,88,1643806453000
johnphillips@outlook.com,14,1644061631000
johnphillips@outlook.com,34,1642130283000
briansilva@outlook.com,81,1644160968000
hornkim@outlook.com,52,1642201001000
davidanderson@outlook.com,91,1645179587000
greenabigail@outlook.com,55,1642210648000
hicksloretta@outlook.com,18,1642678555000
mcmillanteresa@outlook.com,15,1644208896000
kevin36@outlook.com,60,1645718182000
kevin36@outlook.com,51,1645577994000
rjames@outlook.com,24,1645984628000
rjames@outlook.com,78,1644461335000
traceythompson@outlook.com,86,1642599707000
traceythompson@outlook.com,21,1645346943000
peggysingleton@outlook.com,55,1645736383000
peggysingleton@outlook.com,75,1643944347000
scottchristian@outlook.com,51,1644854972000
scottchristian@outlook.com,53,1645141193000
anelson@outlook.com,9,1642036397000
smithelizabeth@outlook.com,18,1645879354000
smithelizabeth@outlook.com,53,1641920904000
vgarcia@outlook.com,50,1645949204000
yfoley@outlook.com,3,1642831225000
jenningslouis@outlook.com,55,1643908304000
jenningslouis@outlook.com,61,1645897273000
ianrichardson@outlook.com,75,1644743906000
tiffanysmith@outlook.com,59,1643390440000
tiffanysmith@outlook.com,27,1642380863000
brian65@outlook.com,69,1643711902000
miranda15@outlook.com,66,1645500578000
miranda15@outlook.com,55,1643234442000
jmassey@outlook.com,57,1641862712000
karenvargas@outlook.com,52,1645931735000
wgreen@outlook.com,77,1644331677000
linda25@outlook.com,15,1646083295000
angela82@outlook.com,11,1646065496000
angela82@outlook.com,84,1642748531000
carlosbender@outlook.com,46,1643856712000
robert18@outlook.com,97,1642716084000
brittanysaunders@outlook.com,76,1645806150000
brittanysaunders@outlook.com,96,1643053947000
henryreynolds@outlook.com,27,1643804893000
henryreynolds@outlook.com,82,1644382100000
ncraig@outlook.com,52,1643634105000
pricelisa@outlook.com,88,1641975493000
turnerwilliam@outlook.com,30,1643403823000
turnerwilliam@outlook.com,82,1644987964000
john84@outlook.com,80,1645977399000
ibaker@outlook.com,33,1641949054000
penny93@outlook.com,38,1646039693000
penny93@outlook.com,53,1645374970000
robinquinn@outlook.com,91,1644799856000
englishbrendan@outlook.com,10,1642397216000
rgrant@outlook.com,54,1643227699000
rgrant@outlook.com,66,1643810681000
zherring@outlook.com,78,1646079414000
canderson@outlook.com,81,1645718538000
brianna21@outlook.com,53,1642460362000
brianna21@outlook.com,47,1645343070000
dennismike@outlook.com,65,1643997815000
lpowell@outlook.com,19,1644751769000
lpowell@outlook.com,87,1643289763000
dmorris@outlook.com,44,1643463219000
mariah45@outlook.com,47,1644867889000
mariah45@outlook.com,45,1644563458000
mbentley@outlook.com,79,1642042333000
kylebarnes@outlook.com,78,1642160627000
dmoreno@outlook.com,28,1645472694000
salazardarrell@outlook.com,10,1642670661000
salazardarrell@outlook.com,88,1645123780000
hughesmichael@outlook.com,55,1644656234000
scottstrong@outlook.com,46,1642032654000
scottstrong@outlook.com,57,1644600388000
melissa61@outlook.com,43,1645974118000
jaredhenderson@outlook.com,40,1643321957000
jaredhenderson@outlook.com,24,1642982902000
frank16@outlook.com,85,1643476422000
frank16@outlook.com,25,1642750822000
lindsay34@outlook.com,77,1644167079000
lindsay34@outlook.com,73,1645897761000
wmoore@outlook.com,7,1643539838000
qwright@outlook.com,75,1644362504000
qwright@outlook.com,93,1645069291000
mark73@outlook.com,22,1644881666000
mark73@outlook.com,44,1645389883000
pamelanelson@outlook.com,90,1642018590000
vincent95@outlook.com,79,1644121395000
vincent95@outlook.com,24,1642400660000
michaeldillon@outlook.com,18,1642883033000
michaeldillon@outlook.com,100,1643572056000
torresmichele@outlook.com,25,1644633134000
tomyork@outlook.com,69,1645997863000
meredith04@outlook.com,60,1643566116000
meredith04@outlook.com,91,1642987143000
jpatel@outlook.com,94,1641992709000
jpatel@outlook.com,12,1643479165000
washingtondaniel@outlook.com,68,1643939063000
kbutler@outlook.com,83,1643853316000
kbutler@outlook.com,55,1645712960000
anthony02@outlook.com,60,1643140752000
russojessica@outlook.com,94,1644775046000
russojessica@outlook.com,25,1645318548000
wbrown@outlook.com,1,1645319905000
ysilva@outlook.com,31,1645054651000
ysilva@outlook.com,89,1643259741000
wkennedy@outlook.com,6,1643768437000
comptonjames@outlook.com,81,1644087158000
comptonjames@outlook.com,38,1642231288000
brownvickie@outlook.com,100,1644111277000
brownvickie@outlook.com,68,1643210695000
michael37@outlook.com,13,1646023373000
sarahstanley@outlook.com,5,1643428288000
sarahstanley@outlook.com,13,1644577755000
rachel15@outlook.com,48,1642220469000
aharris@outlook.com,12,1642473444000
ayerslinda@outlook.com,41,1641927366000
lauriemorrison@outlook.com,16,1643349551000
michael15@outlook.com,17,1646119930000
christina77@outlook.com,23,1642082309000
christina77@outlook.com,75,1644106172000
tranjoshua@outlook.com,27,1644281555000
sarahkirk@outlook.com,12,1642780822000
duncanmichael@outlook.com,21,1641951884000
vanessa66@outlook.com,56,1641825830000
johnsonkatie@outlook.com,16,1644205584000
philliplewis@outlook.com,56,1643797448000
nicholas22@outlook.com,5,1646013499000
sherri83@outlook.com,12,1642101870000
sherri83@outlook.com,77,1646060236000
darrylwalker@outlook.com,72,1643447759000
jeffrey63@outlook.com,52,1645255294000
jeffrey63@outlook.com,32,1645451845000
acontreras@outlook.com,88,1644136397000
acontreras@outlook.com,65,1642417758000
bmyers@outlook.com,7,1642728608000
bmyers@outlook.com,61,1645793173000
eflynn@outlook.com,30,1642945001000
eflynn@outlook.com,75,1644436894000
wilkersonkelly@outlook.com,2,1644534053000
alexandria16@outlook.com,6,1643513775000
alexandria16@outlook.com,49,1644354604000
ihunter@outlook.com,20,1642446893000
cookthomas@outlook.com,3,1643562529000
madisonperry@outlook.com,42,1643292606000
madisonperry@outlook.com,38,1643090382000
mcgrathryan@outlook.com,46,1643590163000
mcgrathryan@outlook.com,10,1644182019000
melissa93@outlook.com,83,1642283060000
melissa93@outlook.com,22,1645227940000
sarahevans@outlook.com,85,1645383633000
stephaniesteele@outlook.com,89,1642636246000
stephaniesteele@outlook.com,38,1644145382000
joanpayne@outlook.com,34,1642129363000
joanpayne@outlook.com,73,1643775633000
toddrhodes@outlook.com,24,1645207318000
toddrhodes@outlook.com,80,1643348190000
nwest@outlook.com,62,1646110831000
megan20@outlook.com,18,1642120386000
megan20@outlook.com,16,1644751146000
kristen43@outlook.com,67,1645970418000
adriennerobbins@outlook.com,43,1645812773000
adriennerobbins@outlook.com,58,1644224272000
shawn51@outlook.com,4,1644460815000
richardsonsara@outlook.com,45,1645289572000
mitchell10@outlook.com,25,1643932119000
mitchell10@outlook.com,87,1644639071000
ramirezedward@outlook.com,22,1645571585000
carolchristian@outlook.com,57,1644047089000
carolchristian@outlook.com,71,1642381140000
gina27@outlook.com,60,1642464392000
msmith@outlook.com,37,1645054579000
catherinegonzales@outlook.com,94,1643835465000
davismorgan@outlook.com,73,1642706328000
davismorgan@outlook.com,59,1644947266000
bullockalexandra@outlook.com,85,1644291221000
stewartmaria@outlook.com,43,1645508576000
stewartmaria@outlook.com,46,1642252124000
brobinson@outlook.com,53,1644910494000
pirwin@outlook.com,39,1642601595000
pirwin@outlook.com,16,1646107282000
wisetimothy@outlook.com,82,1644316210000
wisetimothy@outlook.com,66,1645328320000
noblejackie@outlook.com,87,1643291735000
cjones@outlook.com,12,1643826704000
cjones@outlook.com,1,1645583979000
landersen@outlook.com,93,1645206174000
landersen@outlook.com,50,1644477647000
imartinez@outlook.com,26,1644345619000
christopher32@outlook.com,41,1642035980000
mariawise@outlook.com,22,1644314706000
mariawise@outlook.com,6,1645908692000
kathleen99@outlook.com,81,1643307772000
kathleen99@outlook.com,83,1642550602000
enichols@outlook.com,71,1645069952000
bobby31@outlook.com,57,1641938822000
bobby31@outlook.com,64,1645937078000
cfrazier@outlook.com,2,1642966378000
cfrazier@outlook.com,30,1643439607000
myersdonald@outlook.com,3,1644563183000
myersdonald@outlook.com,32,1646024190000
dwilliams@outlook.com,2,1642041092000
dwilliams@outlook.com,46,1644404987000
brianjones@outlook.com,18,1645839213000
zward@outlook.com,76,1643748644000
renee59@outlook.com,66,1643690548000
simscharles@outlook.com,90,1645856726000
simscharles@outlook.com,92,1643829049000
jonestracie@outlook.com,43,1644672236000
laurenwalker@outlook.com,74,1643576572000
briggslaurie@outlook.com,52,1642487778000
kdelgado@outlook.com,95,1645660176000
kdelgado@outlook.com,32,1644139772000
xboone@outlook.com,22,1644770719000
andrewlowe@outlook.com,79,1646002346000
brianrobertson@outlook.com,7,1644669422000
brianrobertson@outlook.com,3,1642577331000
qacevedo@outlook.com,29,1641926050000
amyhart@outlook.com,14,1644992524000
amyhart@outlook.com,32,1643498298000
sduke@outlook.com,71,1643360583000
sduke@outlook.com,32,1644230500000
anna91@outlook.com,14,1642625313000
yhenry@outlook.com,96,1645048464000
yhenry@outlook.com,62,1644312787000
scottaguirre@outlook.com,62,1643470855000
scottaguirre@outlook.com,94,1644137490000
clarkdavid@outlook.com,84,1645568456000
baileyvictoria@outlook.com,15,1645862937000
baileyvictoria@outlook.com,59,1645097176000
mrobinson@outlook.com,71,1645845593000
mrobinson@outlook.com,16,1644689171000
michele58@outlook.com,95,1645712180000
mckinneyclayton@outlook.com,35,1644934357000
elizabethphillips@outlook.com,48,1642461607000
linda50@outlook.com,66,1645768774000
colleen36@outlook.com,80,1644093119000
colleen36@outlook.com,91,1645666539000
jmayer@outlook.com,84,1642952850000
jmayer@outlook.com,49,1644415811000
fergusonkathy@outlook.com,66,1643514163000
davidfrancis@outlook.com,67,1642129779000
gcox@outlook.com,65,1642157532000
phillipstimothy@outlook.com,80,1643112149000
phillipstimothy@outlook.com,5,1645669111000
garciakenneth@outlook.com,60,1642922011000
vargasjenna@outlook.com,43,1641958898000
vargasjenna@outlook.com,78,1642056415000
hollandthomas@outlook.com,64,1645348547000
hollandthomas@outlook.com,88,1642505520000
ttaylor@outlook.com,51,1642202897000
ttaylor@outlook.com,14,1645855149000
dixonwesley@outlook.com,4,1643400277000
dixonwesley@outlook.com,36,1642651704000
wonglaura@outlook.com,79,1642215984000
bhenderson@outlook.com,42,1645291401000
bhenderson@outlook.com,46,1643098197000
carteramanda@outlook.com,31,1646033923000
carteramanda@outlook.com,24,1644585443000
watkinslucas@outlook.com,45,1643455667000
watkinslucas@outlook.com,39,1644526288000
ronaldroberts@outlook.com,10,1642425940000
ronaldroberts@outlook.com,78,1643958131000
norozco@outlook.com,57,1641905883000
norozco@outlook.com,63,1642089203000
justin15@outlook.com,54,1645774012000
justin15@outlook.com,80,1644751118000
patricia00@outlook.com,43,1646126376000
dalvarez@outlook.com,7,1643072591000
singletonjoshua@outlook.com,100,1642201503000
singletonjoshua@outlook.com,32,1642219846000
maria17@outlook.com,49,1645145689000
dukemichael@outlook.com,69,1642406579000
dukemichael@outlook.com,63,1644652803000
briancompton@outlook.com,94,1644741402000
amandaschmidt@outlook.com,94,1641966372000
cjohnson@outlook.com,85,1643244507000
holmeselizabeth@outlook.com,59,1645020901000
holmeselizabeth@outlook.com,9,1645841698000
tammy05@outlook.com,91,1646051478000
tammy05@outlook.com,27,1645654677000
david05@outlook.com,1,1643229771000
amandajohnson@outlook.com,34,1642758397000
amandajohnson@outlook.com,80,1643674471000
cainsharon@outlook.com,4,1642671823000
cainsharon@outlook.com,96,1643584209000
susan40@outlook.com,48,1642351849000
johnlewis@outlook.com,81,1642877434000
richard27@outlook.com,9,1641936425000
richard27@outlook.com,66,1644502824000
donnagarcia@outlook.com,38,1644014869000
donnagarcia@outlook.com,79,1644374636000
rosschristopher@outlook.com,82,1642260663000
rosschristopher@outlook.com,50,1643419298000
hreyes@outlook.com,14,1641881810000
hreyes@outlook.com,43,1644757444000
franklinjoseph@outlook.com,70,1642884367000
suzanneware@outlook.com,66,1643013291000
xgreen@outlook.com,25,1642939325000
ubyrd@outlook.com,2,1644147663000
ubyrd@outlook.com,94,1645686075000
cobbterri@outlook.com,41,1645754690000
roger36@outlook.com,47,1643044277000
roger36@outlook.com,86,1643978174000
mathewslori@outlook.com,49,1642317856000
grayjulie@outlook.com,25,1643652504000
wayne87@outlook.com,69,1644050540000
wayne87@outlook.com,20,1644419998000
shannon16@outlook.com,74,1646034099000
shannon16@outlook.com,82,1644293870000
lgomez@outlook.com,96,1644124787000
lgomez@outlook.com,92,1642251489000
april34@outlook.com,44,1646036038000
april34@outlook.com,43,1644241447000
victoria95@outlook.com,14,1644088398000
victoria95@outlook.com,99,1645036923000
vhunter@outlook.com,52,1643275519000
jimenezrichard@outlook.com,12,1645462249000
jennifer17@outlook.com,49,1642208223000
qlee@outlook.com,98,1641939283000
jessica90@outlook.com,11,1643684917000
jessica90@outlook.com,86,1643216857000
gcooper@outlook.com,44,1644400943000
michellekelly@outlook.com,51,1643191669000
ulee@outlook.com,48,1645283512000
ronaldmorales@outlook.com,98,1643940398000
heathjeffery@outlook.com,92,1643353972000
travisriley@outlook.com,92,1644149076000
joycehogan@outlook.com,84,1645057571000
hernandezleah@outlook.com,95,1645159663000
zmcbride@outlook.com,30,1645514368000
justinshaw@outlook.com,92,1642829162000
justinshaw@outlook.com,50,1645742984000
kara86@outlook.com,26,1643127703000
kara86@outlook.com,16,1645595705000
mirandaelizabeth@outlook.com,33,1642259966000
vazquezjohnathan@outlook.com,87,1645955380000
vazquezjohnathan@outlook.com,59,1643287554000
mooretravis@outlook.com,29,1643509747000
mooretravis@outlook.com,58,1642681295000
dmiller@outlook.com,24,1644226495000
dmiller@outlook.com,28,1642221601000
christinesteele@outlook.com,70,1642625971000
susanhart@outlook.com,99,1644160240000
susanhart@outlook.com,95,1645965194000
andrewgill@outlook.com,87,1644627130000
clifford11@outlook.com,52,1643472193000
clifford11@outlook.com,68,1645621481000
keithhayes@outlook.com,34,1644988846000
jonesrachel@outlook.com,58,1643910226000
jonesrachel@outlook.com,19,1643789227000
mlawson@outlook.com,23,1644929049000
mlawson@outlook.com,52,1643204138000
alanmiller@outlook.com,46,1642030297000
alanmiller@outlook.com,10,1644521454000
ktaylor@outlook.com,97,1643993451000
ktaylor@outlook.com,32,1643492438000
rwheeler@outlook.com,56,1645003433000
rwheeler@outlook.com,56,1644836199000
kathrynfrazier@outlook.com,45,1644678540000
kcastro@outlook.com,45,1644964972000
mary61@outlook.com,59,1642435672000
mary61@outlook.com,16,1645098888000
valeriemiddleton@outlook.com,91,1644372501000
valeriemiddleton@outlook.com,16,1642325318000
melissa74@outlook.com,40,1645591787000
melissa74@outlook.com,59,1642160541000
duncangary@outlook.com,14,1645294228000
josephmiller@outlook.com,30,1644938473000
josephmiller@outlook.com,53,1645493868000
mark50@outlook.com,96,1644028349000
reedjames@outlook.com,2,1643990601000
robert55@outlook.com,56,1646055622000
robert55@outlook.com,74,1643821849000
iperez@outlook.com,31,1641863594000
ireynolds@outlook.com,25,1642837666000
foneal@outlook.com,6,1645192374000
foneal@outlook.com,98,1643228884000
brandymcdaniel@outlook.com,93,1643122667000
brandymcdaniel@outlook.com,91,1644208249000
jessicabradford@outlook.com,52,1643193814000
jessicabradford@outlook.com,53,1643206790000
vwall@outlook.com,40,1643944072000
vwall@outlook.com,27,1645542669000
hessjennifer@outlook.com,45,1645761034000
morganalicia@outlook.com,32,1644111549000
toni58@outlook.com,8,1642695608000
carolyn72@outlook.com,4,1642195004000
klawrence@outlook.com,25,1642453171000
mariasharp@outlook.com,61,1644373870000
ashleybeck@outlook.com,82,1642902264000
nicoleanderson@outlook.com,83,1645967636000
nicoleanderson@outlook.com,82,1645514994000
roywilliams@outlook.com,69,1643541850000
roywilliams@outlook.com,48,1643164173000
prestonjohn@outlook.com,62,1643447943000
prestonjohn@outlook.com,57,1644106675000
nguyenshelia@outlook.com,32,1644207322000
nguyenshelia@outlook.com,9,1642168239000
williamrussell@outlook.com,81,1642216157000
williamrussell@outlook.com,6,1644609588000
arellanojessica@outlook.com,33,1641851821000
zavalacynthia@outlook.com,97,1645129293000
zavalacynthia@outlook.com,66,1642358065000
vickie57@outlook.com,31,1642992248000
vickie57@outlook.com,47,1644388243000
bjohnson@outlook.com,84,1644329112000
brittany12@outlook.com,14,1642954345000
scurtis@outlook.com,37,1642724966000
pkelly@outlook.com,95,1642316079000
pkelly@outlook.com,13,1644886870000
