email,status,timestamp
alexandra38@outlook.com,ACTIVE,1645925292000
samuel06@outlook.com,ACTIVE,1645878764000
vpratt@outlook.com,ACTIVE,1645878597000
fingram@outlook.com,ACTIVE,1646060513000
emmaflores@outlook.com,ACTIVE,1645893355000
james36@outlook.com,ACTIVE,1645990051000
kingjacob@outlook.com,ACTIVE,1645983171000
qdavis@outlook.com,ACTIVE,1646071734000
ramseynina@outlook.com,ACTIVE,1645874196000
snowmeghan@outlook.com,ACTIVE,1646022946000
tami01@outlook.com,ACTIVE,1645928191000
jenkinsheather@outlook.com,ACTIVE,1645994119000
lbriggs@outlook.com,ACTIVE,1646030044000
melissawright@outlook.com,ACTIVE,1645957792000
hannahgarner@outlook.com,ACTIVE,1645876254000
phillipsshelby@outlook.com,ACTIVE,1645915649000
angelagonzalez@outlook.com,ACTIVE,1645928606000
xmccormick@outlook.com,ACTIVE,1646017619000
chasedaugherty@outlook.com,ACTIVE,1645923948000
moyerkimberly@outlook.com,ACTIVE,1645971937000
michealreid@outlook.com,ACTIVE,1645901830000
mcmahonthomas@outlook.com,ACTIVE,1646024025000
tfarmer@outlook.com,ACTIVE,1646030268000
shannondavis@outlook.com,ACTIVE,1646063107000
hermannicole@outlook.com,ACTIVE,1646020766000
angela67@outlook.com,ACTIVE,1645893222000
erik64@outlook.com,ACTIVE,1646123226000
davistony@outlook.com,ACTIVE,1645900596000
bonillajeffrey@outlook.com,ACTIVE,1646045099000
lisaherman@outlook.com,ACTIVE,1645961051000
guzmanjennifer@outlook.com,ACTIVE,1645882151000
jessica98@outlook.com,ACTIVE,1645985904000
briannagould@outlook.com,ACTIVE,1646010627000
scott38@outlook.com,ACTIVE,1646059151000
benjamin49@outlook.com,ACTIVE,1645885668000
zjones@outlook.com,ACTIVE,1645934267000
benjamincooper@outlook.com,ACTIVE,1645891121000
lisataylor@outlook.com,ACTIVE,1646096603000
danielgoodwin@outlook.com,ACTIVE,1645875042000
alexabaird@outlook.com,ACTIVE,1645971627000
bcarter@outlook.com,ACTIVE,1646037007000
woodanthony@outlook.com,ACTIVE,1645901663000
jordanmichael@outlook.com,ACTIVE,1646002356000
emily76@outlook.com,ACTIVE,1645963288000
fklein@outlook.com,ACTIVE,1646086451000
lharris@outlook.com,ACTIVE,1646103150000
tyler83@outlook.com,ACTIVE,1645966075000
rachelmartinez@outlook.com,ACTIVE,1646089748000
walkerbrian@outlook.com,ACTIVE,1645993377000
